obs_wl_vac(A),unc_obs_wl,ritz_wl_vac(A),unc_ritz_wl,intens,Aki(s^-1),Acc,Ei(cm-1),Ek(cm-1),conf_i,term_i,J_i,conf_k,term_k,J_k,Type,tp_ref,line_ref,
,,912.323660,0.000008,,1.2258e+02,AAA,0.0000000000,[109610.2232],1s,2S,1/2,40,,,,T8637,,
,,912.353295,0.000008,,1.3913e+02,AAA,0.0000000000,[109606.6628],1s,2S,1/2,39,,,,T8637,,
,,912.385303,0.000008,,1.5843e+02,AAA,0.0000000000,[109602.8177],1s,2S,1/2,38,,,,T8637,,
,,912.419943,0.000008,,1.8103e+02,AAA,0.0000000000,[109598.6566],1s,2S,1/2,37,,,,T8637,,
,,912.457513,0.000008,,2.0762e+02,AAA,0.0000000000,[109594.1439],1s,2S,1/2,36,,,,T8637,,
,,912.498352,0.000008,,2.3903e+02,AAA,0.0000000000,[109589.2390],1s,2S,1/2,35,,,,T8637,,
,,912.542852,0.000008,,2.7631e+02,AAA,0.0000000000,[109583.8949],1s,2S,1/2,34,,,,T8637,,
,,912.591463,0.000008,,3.2081e+02,AAA,0.0000000000,[109578.0577],1s,2S,1/2,33,,,,T8637,,
,,912.644709,0.000008,,3.7418e+02,AAA,0.0000000000,[109571.6647],1s,2S,1/2,32,,,,T8637,,
,,912.703197,0.000008,,4.3857e+02,AAA,0.0000000000,[109564.6431],1s,2S,1/2,31,,,,T8637,,
,,912.767639,0.000008,,5.1673e+02,AAA,0.0000000000,[109556.9077],1s,2S,1/2,30,,,,T8637,,
,,912.838873,0.000008,,6.1221e+02,AAA,0.0000000000,[109548.3584],1s,2S,1/2,29,,,,T8637,,
,,912.917887,0.000008,,7.2967e+02,AAA,0.0000000000,[109538.8768],1s,2S,1/2,28,,,,T8637,,
,,913.005859,0.000008,,8.7524e+02,AAA,0.0000000000,[109528.3223],1s,2S,1/2,27,,,,T8637,,
,,913.104195,0.000008,,1.0571e+03,AAA,0.0000000000,[109516.5267],1s,2S,1/2,26,,,,T8637,,
,,913.214592,0.000008,,1.2862e+03,AAA,0.0000000000,[109503.2875],1s,2S,1/2,25,,,,T8637,,
,,913.339105,0.000008,,1.5776e+03,AAA,0.0000000000,[109488.3592],1s,2S,1/2,24,,,,T8637,,
,,913.480251,0.000008,,1.9519e+03,AAA,0.0000000000,[109471.4416],1s,2S,1/2,23,,,,T8637,,
,,913.641133,0.000008,,2.4380e+03,AAA,0.0000000000,[109452.1650],1s,2S,1/2,22,,,,T8637,,
,,913.825609,0.000008,,3.0769e+03,AAA,0.0000000000,[109430.0696],1s,2S,1/2,21,,,,T8637,,
,,914.038537,0.000008,,3.9276e+03,AAA,0.0000000000,[109404.5776],1s,2S,1/2,20,,,,T8637,,
,,914.286086,0.000008,,5.0767e+03,AAA,0.0000000000,[109374.9555],1s,2S,1/2,19,,,,T8637,,
,,914.576201,0.000008,,6.6540e+03,AAA,0.0000000000,[109340.2604],1s,2S,1/2,18,,,,T8637,,
,,914.919242,0.000008,,8.8574e+03,AAA,0.0000000000,[109299.2642],1s,2S,1/2,17,,,,T8637,,
,,915.328932,0.000008,,1.1997e+04,AAA,0.0000000000,[109250.3433],1s,2S,1/2,16,,,,T8637,,
,,915.823751,0.000008,,1.6572e+04,AAA,0.0000000000,[109191.3154],1s,2S,1/2,15,,,,T8637,,
,,916.429076,0.000008,,2.3409e+04,AAA,0.0000000000,[109119.1917],1s,2S,1/2,14,,,,T8637,,
,,917.180514,0.000008,,3.3927e+04,AAA,0.0000000000,[109029.7913],1s,2S,1/2,13,,,,T8637,,
918.125,0.013,918.129300,0.000004,5600,5.0659e+04,AAA,0.0000000000,108917.1209,1s,2S,1/2,12,,,,T8637,L8834,
918.1293175,0.0000003,918.1293175,0.0000003,,,,0.0000000000,[108917.11886],1s,2S,1/2,12s,2S,1/2,M1,,L15291c36,
918.130,0.020,918.1293046,0.0000003,,,,0.0000000000,[108917.12039],1s,2S,1/2,12p,2P*,3/2,,,L8445,
918.130,0.020,918.1293188,0.0000003,,,,0.0000000000,[108917.11870],1s,2S,1/2,12p,2P*,1/2,,,L8445,
919.342,0.014,919.351334,0.000005,6100,7.8340e+04,AAA,0.0000000000,108772.3445,1s,2S,1/2,11,,,,T8637,L8834,
919.349,0.020,919.3513419,0.0000003,,,,0.0000000000,[108772.34355],1s,2S,1/2,11p,2P*,3/2,,,L8445,
919.349,0.020,919.3513605,0.0000003,,,,0.0000000000,[108772.34135],1s,2S,1/2,11p,2P*,1/2,,,L8445,
919.35133578,0.00000020,919.35133577,0.00000019,,,,0.0000000000,[108772.344270],1s,2S,1/2,11d,2D,5/2,E2,,L15291c37,
919.3513586,0.0000003,919.3513586,0.0000003,,,,0.0000000000,[108772.34157],1s,2S,1/2,11s,2S,1/2,M1,,L15291c36,
920.947,0.014,920.963006,0.000007,7400,1.2631e+05,AAA,0.0000000000,108581.9945,1s,2S,1/2,10,,,,T8637,L8834,
920.9630369,0.0000003,920.9630369,0.0000003,,,,0.0000000000,[108581.99080],1s,2S,1/2,10s,2S,1/2,M1,,L15291c36,
920.970,0.020,920.9630145,0.0000003,,,,0.0000000000,[108581.99344],1s,2S,1/2,10p,2P*,3/2,,,L8445,
920.970,0.020,920.9630394,0.0000003,,,,0.0000000000,[108581.99051],1s,2S,1/2,10p,2P*,1/2,,,L8445,
923.148,0.014,923.150275,0.000009,12000,2.1425e+05,AAA,0.0000000000,108324.7253,1s,2S,1/2,9,,,,T8637,L8834,
923.15027375,0.00000020,923.15027375,0.00000017,,,,0.0000000000,[108324.725501],1s,2S,1/2,9d,2D,5/2,E2,,L15291c37,
923.1503159,0.0000003,923.1503159,0.0000003,,,,0.0000000000,[108324.72055],1s,2S,1/2,9s,2S,1/2,M1,,L15291c36,
923.151,0.020,923.1502850,0.0000003,,,,0.0000000000,[108324.72418],1s,2S,1/2,9p,2P*,3/2,,,L8445,
923.151,0.020,923.1503193,0.0000003,,,,0.0000000000,[108324.72016],1s,2S,1/2,9p,2P*,1/2,,,L8445,
,,926.225665291,0.000000003,,,,0.0000000000,107965.0497145,1s,2S,1/2,8s,2S,1/2,M1,,,
926.229,0.020,926.225621017,0.000000005,,,,0.0000000000,[107965.0548753],1s,2S,1/2,8p,2P*,3/2,,,L8445,
926.229,0.020,926.225670063,0.000000005,,,,0.0000000000,[107965.0491583],1s,2S,1/2,8p,2P*,1/2,,,L8445,
926.249,0.014,926.225605,0.000013,11000,3.8694e+05,AAA,0.0000000000,107965.0568,1s,2S,1/2,8,,,,T8637,L8834,
930.74815048,0.00000020,930.74815048,0.00000020,,,,0.0000000000,[107440.449866],1s,2S,1/2,7d,2D,5/2,E2,,L15291c37,
930.7482418,0.0000003,930.7482418,0.0000003,,,,0.0000000000,[107440.43933],1s,2S,1/2,7s,2S,1/2,M1,,L15291c36,
930.749,0.020,930.7481751,0.0000003,,,,0.0000000000,[107440.44703],1s,2S,1/2,7p,2P*,3/2,,,L8445,
930.749,0.020,930.7482489,0.0000003,,,,0.0000000000,[107440.43850],1s,2S,1/2,7p,2P*,1/2,,,L8445,
930.751,0.014,930.748142,0.000020,5600,7.5684e+05,AAA,0.0000000000,107440.4508,1s,2S,1/2,7,,,,T8637,L8834,
937.801,0.021,937.803361139,0.000000009,,1.9728e+07,AAA,0.0000000000,[106632.1620756],1s,2S,1/2,6p,2P*,3/2,,T8637,L8445,
937.801,0.021,937.803480320,0.000000009,,1.9728e+07,AAA,0.0000000000,[106632.1485242],1s,2S,1/2,6p,2P*,1/2,,T8637,L8445,
,,937.803468734,0.000000006,,,,0.0000000000,106632.1498416,1s,2S,1/2,6s,2S,1/2,M1,,,
937.814,0.014,937.80331,0.00004,19000,1.6440e+06,AAA,0.0000000000,106632.1681,1s,2S,1/2,6,,,,T8637,L8834,
949.742,0.004,949.7429095,0.0000004,,3.4375e+07,AAA,0.0000000000,105291.65209,1s,2S,1/2,5p,2P*,3/2,,T8637,L3545,
949.742,0.004,949.74287,0.00005,33000,4.1250e+06,AAA,0.0000000000,105291.657,1s,2S,1/2,5,,,,T8637,L3545,
949.742,0.004,949.7431207,0.0000004,,3.4375e+07,AAA,0.0000000000,105291.62867,1s,2S,1/2,5p,2P*,1/2,,T8637,L3545,
949.74284001,0.00000021,949.74283997,0.00000021,,,,0.0000000000,[105291.659796],1s,2S,1/2,5d,2D,5/2,E2,,L15291c37,
949.7431001,0.0000004,949.7431003,0.0000004,,,,0.0000000000,[105291.63094],1s,2S,1/2,5s,2S,1/2,M1,,L15291c36,
972.517,0.014,972.53650,0.00011,83000,1.2785e+07,AAA,0.0000000000,102823.904,1s,2S,1/2,4,,,,T8637,L8834,
,,972.536984969,0.000000003,,,,0.0000000000,102823.8530211,1s,2S,1/2,4s,2S,1/2,M1,,,
972.541,0.019,972.536594376,0.000000003,,6.8186e+07,AAA,0.0000000000,102823.8943175,1s,2S,1/2,4p,2P*,3/2,,T8637,L8445,
972.541,0.019,972.537026950,0.000000005,,6.8186e+07,AAA,0.0000000000,102823.8485825,1s,2S,1/2,4p,2P*,1/2,,T8637,L8445,
,,1025.72144677,0.00000007,,5.937e+02,AAA,0.0000000000,97492.355566,1s,2S,1/2,3d,2D,5/2,E2,T7651,,
,,1025.72182693,0.00000021,,5.938e+02,AAA,0.0000000000,97492.319433,1s,2S,1/2,3d,2D,3/2,E2,T7651,,
,,1025.72285517,0.00000007,,1.109e-06,AAA,0.0000000000,97492.221701,1s,2S,1/2,3s,2S,1/2,M1,T7651,,
1025.728,0.003,1025.72182505,0.00000007,,1.6725e+08,AAA,0.0000000000,97492.319611,1s,2S,1/2,3p,2P*,3/2,,T8637,L3545,
1025.728,0.003,1025.7220,0.0003,250000,5.5751e+07,AAA,0.0000000000,97492.304,1s,2S,1/2,3,,,,T8637,L3545,
1025.728,0.003,1025.72296565,0.00000007,,1.6725e+08,AAA,0.0000000000,97492.211200,1s,2S,1/2,3p,2P*,1/2,,T8637,L3545,
1215.6699,0.0020,1215.668237310,0.000000006,,6.2648e+08,AAA,0.0000000000,82259.2850014,1s,2S,1/2,2p,2P*,3/2,,T8637,L12020,
1215.6699,0.0020,1215.673644608,0.000000004,,6.2649e+08,AAA,0.0000000000,82258.9191133,1s,2S,1/2,2p,2P*,1/2,,T8637,L12020,
1215.6701,0.0021,1215.6701,0.0015,840000,4.6986e+08,AAA,0.0000000000,82259.158,1s,2S,1/2,2,,,,T8637,L12020,
1215.673123130200,0.000000000015,1215.673123130200,0.000000000015,,2.495e-06,AAA,0.0000000000,82258.9543992821,1s,2S,1/2,2s,2S,1/2,M1,T7651,L12363,
,,3656.1647,0.0013,,6.7464e+01,AAA,82259.158,[109610.2232],2,,,40,,,,T8637,,
,,3656.6407,0.0013,,7.6576e+01,AAA,82259.158,[109606.6628],2,,,39,,,,T8637,,
,,3657.1549,0.0013,,8.7206e+01,AAA,82259.158,[109602.8177],2,,,38,,,,T8637,,
3657.69,0.03,3657.7116,0.0019,700,9.9657e+01,AAA,82259.158,[109598.6566],2,,,37,,,,T8637,L7400c29,
3658.29,0.03,3658.3154,0.0019,700,1.1430e+02,AAA,82259.158,[109594.1439],2,,,36,,,,T8637,L7400c29,
3659.08,0.10,3658.9720,0.0019,700bl,1.3161e+02,AAA,82259.158,[109589.2390],2,,,35,,,,T8637,L7400c29,
3659.69,0.03,3659.6876,0.0019,700,1.5216e+02,AAA,82259.158,[109583.8949],2,,,34,,,,T8637,L7400c29,
3660.45,0.03,3660.4695,0.0019,700,1.7669e+02,AAA,82259.158,[109578.0577],2,,,33,,,,T8637,L7400c29,
3661.36,0.10,3661.3263,0.0019,700bl,2.0612e+02,AAA,82259.158,[109571.6647],2,,,32,,,,T8637,L7400c29,
3662.31,0.03,3662.2678,0.0019,800,2.4162e+02,AAA,82259.158,[109564.6431],2,,,31,,,,T8637,L7400c29,
3663.26,0.10,3663.3056,0.0019,1100bl,2.8474e+02,AAA,82259.158,[109556.9077],2,,,30,,,,T8637,L7400c29,
3664.45,0.10,3664.4533,0.0019,900bl,3.3742e+02,AAA,82259.158,[109548.3584],2,,,29,,,,T8637,L7400c29,
3665.69,0.10,3665.7269,0.0019,1000bl,4.0224e+02,AAA,82259.158,[109538.8768],2,,,28,,,,T8637,L7400c29,
3667.12,0.03,3667.1458,0.0019,900,4.8261e+02,AAA,82259.158,[109528.3223],2,,,27,,,,T8637,L7400c29,
3668.77,0.03,3668.7327,0.0019,1000,5.8304e+02,AAA,82259.158,[109516.5267],2,,,26,,,,T8637,L7400c29,
3670.50,0.03,3670.5155,0.0019,1300,7.0963e+02,AAA,82259.158,[109503.2875],2,,,25,,,,T8637,L7400c29,
3672.37,0.10,3672.5279,0.0019,1200bl,8.7069e+02,AAA,82259.158,[109488.3592],2,,,24,,,,T8637,L7400c29,
3674.86,0.03,3674.8110,0.0019,1300,1.0777e+03,AAA,82259.158,[109471.4416],2,,,23,,,,T8637,L7400c29,
3677.423,0.006,3677.4160,0.0019,1400,1.3467e+03,AAA,82259.158,[109452.1650],2,,,22,,,,T8637,L7436c29,
3680.418,0.006,3680.4065,0.0019,1700,1.7005e+03,AAA,82259.158,[109430.0696],2,,,21,,,,T8637,L7436c29,
3683.871,0.006,3683.8627,0.0019,1700,2.1719e+03,AAA,82259.158,[109404.5776],2,,,20,,,,T8637,L7436c29,
3687.881,0.006,3687.8871,0.0019,2000,2.8093e+03,AAA,82259.158,[109374.9555],2,,,19,,,,T8637,L7436c29,
3692.602,0.006,3692.6119,0.0019,2300,3.6851e+03,AAA,82259.158,[109340.2604],2,,,18,,,,T8637,L7436c29,
3698.209,0.006,3698.2103,0.0019,2300,4.9101e+03,AAA,82259.158,[109299.2642],2,,,17,,,,T8637,L7436c29,
3704.913,0.006,3704.9132,0.0019,2800,6.6583e+03,AAA,82259.158,[109250.3433],2,,,16,,,,T8637,L7436c29,
3713.034,0.006,3713.0334,0.0019,3300,9.2102e+03,AAA,82259.158,[109191.3154],2,,,15,,,,T8637,L7436c29,
3723.005,0.006,3723.0035,0.0019,5000,1.3032e+04,AAA,82259.158,[109119.1917],2,,,14,,,,T8637,L7436c29,
3735.431,0.006,3735.4365,0.0020,6000,1.8927e+04,AAA,82259.158,[109029.7913],2,,,13,,,,T8637,L7436c29,
,,3751.19082508,0.00000006,,,,82258.9191133,108917.1203787,2p,2P*,1/2,12d,2D,3/2,,,,
,,3751.191039,0.000006,,,,82258.9191133,[108917.11886],2p,2P*,1/2,12s,2S,1/2,,,,
,,3751.1934,0.0008,,,,,,,,,,,,,,c39,
3751.19571087,0.00000003,3751.19571087,0.00000003,,,,82258.9543992821,108917.12094342,2s,2S,1/2,12d,2D,5/2,E2,,L11759,
,,3751.195789,0.000006,,,,82258.9543992821,[108917.12039],2s,2S,1/2,12p,2P*,3/2,,,,
3751.19579034,0.00000005,3751.19579033,0.00000004,,,,82258.9543992821,108917.1203787,2s,2S,1/2,12d,2D,3/2,E2,,L11759,
,,3751.196004,0.000006,,,,82258.9543992821,[108917.11886],2s,2S,1/2,12s,2S,1/2,M1,,,
,,3751.196027,0.000006,,,,82258.9543992821,[108917.11870],2s,2S,1/2,12p,2P*,1/2,,,,
3751.217,0.006,3751.2244,0.0020,8000,2.8337e+04,AAA,82259.158,108917.1209,2,,,12,,,,T8637,L7436c29,
,,3751.2174,0.0008,,,,,,,,,,,,,,c40,
,,3751.24223202,0.00000007,,,,82259.2850014,108917.12094342,2p,2P*,3/2,12d,2D,5/2,,,,
,,3751.2422,0.0003,,,,,,,,,,,,,,c41,
,,3751.24231149,0.00000007,,,,82259.2850014,108917.1203787,2p,2P*,3/2,12d,2D,3/2,,,,
,,3751.242525,0.000006,,,,82259.2850014,[108917.11886],2p,2P*,3/2,12s,2S,1/2,,,,
,,3771.674243,0.000003,,,,82258.9191133,[108772.343536],2p,2P*,1/2,11d,2D,3/2,,,,
,,3771.674523,0.000006,,,,82258.9191133,[108772.34157],2p,2P*,1/2,11s,2S,1/2,,,,
,,3771.6768,0.0009,,,,,,,,,,,,,,c42,
,,3771.679261,0.000006,,,,82258.9543992821,[108772.34355],2s,2S,1/2,11p,2P*,3/2,,,,
,,3771.679543,0.000006,,,,82258.9543992821,[108772.34157],2s,2S,1/2,11s,2S,1/2,M1,,,
,,3771.679574,0.000006,,,,82258.9543992821,[108772.34135],2s,2S,1/2,11p,2P*,1/2,,,,
,,3771.7012,0.0009,,,,,,,,,,,,,,c43,
3771.704,0.006,3771.7081,0.0020,9000,4.3972e+04,AAA,82259.158,108772.3445,2,,,11,,,,T8637,L7436c29,
,,3771.726189,0.000003,,,,82259.2850014,[108772.344270],2p,2P*,3/2,11d,2D,5/2,,,,
,,3771.7262,0.0003,,,,,,,,,,,,,,c44,
,,3771.726294,0.000003,,,,82259.2850014,[108772.343536],2p,2P*,3/2,11d,2D,3/2,,,,
,,3771.726573,0.000006,,,,82259.2850014,[108772.34157],2p,2P*,3/2,11s,2S,1/2,,,,
,,3798.94836051,0.00000025,,,,82258.9191133,[108581.9934250],2p,2P*,1/2,10d,2D,3/2,,,,
,,3798.948739,0.000006,,,,82258.9191133,[108581.99080],2p,2P*,1/2,10s,2S,1/2,,,,
,,3798.9510,0.0009,,,,,,,,,,,,,,c45,
3798.95331215,0.00000019,3798.95331215,0.00000019,,,,82258.9543992821,108581.9944009,2s,2S,1/2,10d,2D,5/2,E2,,L7369u33,
,,3798.953451,0.000006,,,,82258.9543992821,[108581.99344],2s,2S,1/2,10p,2P*,3/2,,,,
,,3798.953832,0.000006,,,,82258.9543992821,[108581.99080],2s,2S,1/2,10s,2S,1/2,M1,,,
,,3798.953874,0.000006,,,,82258.9543992821,[108581.99051],2s,2S,1/2,10p,2P*,1/2,,,,
,,3798.9757,0.0009,,,,,,,,,,,,,,c46,
3798.987,0.006,3798.9827,0.0020,17000,7.1225e+04,AAA,82259.158,108581.9945,2,,,10,,,,T8637,L7436c29,
,,3799.00102540,0.00000019,,,,82259.2850014,108581.9944009,2p,2P*,3/2,10d,2D,5/2,,,,
,,3799.0010,0.0003,,,,,,,,,,,,,,c47,
,,3799.00116625,0.00000025,,,,82259.2850014,[108581.9934250],2p,2P*,3/2,10d,2D,3/2,,,,
,,3799.001545,0.000006,,,,82259.2850014,[108581.99080],2p,2P*,3/2,10s,2S,1/2,,,,
,,3836.443947,0.000003,,,,82258.9191133,[108324.724162],2p,2P*,1/2,9d,2D,3/2,,,,
,,3836.444479,0.000006,,,,82258.9191133,[108324.72055],2p,2P*,1/2,9s,2S,1/2,,,,
,,3836.4468,0.0009,,,,,,,,,,,,,,c48,
,,3836.449138,0.000006,,,,82258.9543992821,[108324.72418],2s,2S,1/2,9p,2P*,3/2,,,,
,,3836.449672,0.000006,,,,82258.9543992821,[108324.72055],2s,2S,1/2,9s,2S,1/2,M1,,,
,,3836.449729,0.000006,,,,82258.9543992821,[108324.72016],2s,2S,1/2,9p,2P*,1/2,,,,
,,3836.4720,0.0009,,,,,,,,,,,,,,c49,
3836.485,0.006,3836.4789,0.0021,30000,1.2156e+05,AAA,82259.158,108324.7253,2,,,9,,,,T8637,L7436c29,
,,3836.497603,0.000003,,,,82259.2850014,[108324.725501],2p,2P*,3/2,9d,2D,5/2,,,,
,,3836.4977,0.0003,,,,,,,,,,,,,,c50,
,,3836.497800,0.000003,,,,82259.2850014,[108324.724162],2p,2P*,3/2,9d,2D,3/2,,,,
,,3836.498332,0.000006,,,,82259.2850014,[108324.72055],2p,2P*,3/2,9s,2S,1/2,,,,
,,3890.12183558,0.00000006,,,,82258.9191133,107965.0548660,2p,2P*,1/2,8d,2D,3/2,,,,
,,3890.12261516,0.00000006,,,,82258.9191133,107965.0497145,2p,2P*,1/2,8s,2S,1/2,,,,
,,3890.1247,0.0009,,,,,,,,,,,,,,c51,
3890.12688704,0.00000004,3890.12688704,0.00000003,,,,82258.9543992821,107965.05677174,2s,2S,1/2,8d,2D,5/2,E2,,L11759,
,,3890.12717403,0.00000009,,,,82258.9543992821,[107965.0548753],2s,2S,1/2,8p,2P*,3/2,,,,
3890.12717544,0.00000004,3890.12717543,0.00000005,,,,82258.9543992821,107965.0548660,2s,2S,1/2,8d,2D,3/2,E2,,L11759,
3890.12795502,0.00000005,3890.12795501,0.00000005,,,,82258.9543992821,107965.0497145,2s,2S,1/2,8s,2S,1/2,M1,,L11759,
,,3890.12803918,0.00000009,,,,82258.9543992821,[107965.0491583],2s,2S,1/2,8p,2P*,1/2,,,,
,,3890.1506,0.0009,,,,,,,,,,,,,,c52,
3890.166,0.006,3890.1577,0.0021,70000,2.2148e+05,AAA,82259.158,107965.0568,2,,,8,,,,T8637,L7436c29,
,,3890.17691799,0.00000008,,,,82259.2850014,107965.05677174,2p,2P*,3/2,8d,2D,5/2,,,,
,,3890.1769,0.0003,,,,,,,,,,,,,,c53,
,,3890.17720639,0.00000008,,,,82259.2850014,107965.0548660,2p,2P*,3/2,8d,2D,3/2,,,,
,,3890.17798599,0.00000008,,,,82259.2850014,107965.0497145,2p,2P*,3/2,8s,2S,1/2,,,,
,,3971.164910,0.000004,,,,82258.9191133,[107440.447022],2p,2P*,1/2,7d,2D,3/2,,,,
,,3971.166123,0.000006,,,,82258.9191133,[107440.43933],2p,2P*,1/2,7s,2S,1/2,,,,
,,3971.1679,0.0009,,,,,,,,,,,,,,c54,
,,3971.170473,0.000006,,,,82258.9543992821,[107440.44703],2s,2S,1/2,7p,2P*,3/2,,,,
,,3971.171687,0.000006,,,,82258.9543992821,[107440.43933],2s,2S,1/2,7s,2S,1/2,M1,,,
,,3971.171818,0.000006,,,,82258.9543992821,[107440.43850],2s,2S,1/2,7p,2P*,1/2,,,,
,,3971.1951,0.0009,,,,,,,,,,,,,,c55,
3971.198,0.006,3971.2020,0.0022,30000,4.3889e+05,AAA,82259.158,107440.4508,2,,,7,,,,T8637,L7436c29,
,,3971.222163,0.000004,,,,82259.2850014,[107440.449866],2p,2P*,3/2,7d,2D,5/2,,,,
,,3971.2223,0.0003,,,,,,,,,,,,,,c56,
,,3971.222611,0.000004,,,,82259.2850014,[107440.447022],2p,2P*,3/2,7d,2D,3/2,,,,
,,3971.223825,0.000006,,,,82259.2850014,[107440.43933],2p,2P*,3/2,7s,2S,1/2,,,,
,,4102.85985517,0.00000022,,4.2877e+06,AAA,82258.9191133,[106632.1620536],2p,2P*,1/2,6d,2D,3/2,,T8637,,
,,4102.86191087,0.00000013,,2.4501e+05,AAA,82258.9191133,106632.1498416,2p,2P*,1/2,6s,2S,1/2,,T8637,,
,,4102.8632,0.0010,,,,,,,,,,,,,,c57,
4102.86503481,0.00000006,4102.86503481,0.00000007,,,,82258.9543992821,106632.1665697,2s,2S,1/2,6d,2D,5/2,E2,,L11759,
,,4102.86579132,0.00000022,,2.8583e+06,AAA,82258.9543992821,[106632.1620756],2s,2S,1/2,6p,2P*,3/2,,T8637,,
4102.86785074,0.00000012,4102.86785074,0.00000012,,,,82258.9543992821,106632.1498416,2s,2S,1/2,6s,2S,1/2,M1,,L11759,
,,4102.86807250,0.00000017,,2.8584e+06,AAA,82258.9543992821,[106632.1485242],2s,2S,1/2,6p,2P*,1/2,,T8637,,
4102.892,0.006,4102.8991,0.0024,70000,9.7320e+05,AAA,82259.158,106632.1681,2,,,6,,,,T8637,L7436c29,
,,4102.8922,0.0010,,,,,,,,,,,,,,c58,
,,4102.92068748,0.00000008,,5.1450e+06,AAA,82259.2850014,106632.1665697,2p,2P*,3/2,6d,2D,5/2,,T8637,,
,,4102.9208,0.0003,,,,,,,,,,,,,,c59,
,,4102.92144772,0.00000022,,8.5748e+05,AAA,82259.2850014,[106632.1620536],2p,2P*,3/2,6d,2D,3/2,,T8637,,
,,4102.92350348,0.00000013,,4.9006e+05,AAA,82259.2850014,106632.1498416,2p,2P*,3/2,6s,2S,1/2,,T8637,,
,,4341.647191,0.000004,,7.8548e+06,AAA,82258.9191133,105291.651993,2p,2P*,1/2,5d,2D,3/2,,T8637,,
,,4341.6512,0.0011,,,,,,,,,,,,,,c60,
,,4341.651159,0.000008,,4.2955e+05,AAA,82258.9191133,[105291.63094],2p,2P*,1/2,5s,2S,1/2,,T8637,,
,,4341.653824,0.000008,,4.9483e+06,AAA,82258.9543992821,105291.65209,2s,2S,1/2,5p,2P*,3/2,,T8637,,
,,4341.657811,0.000008,,,,82258.9543992821,[105291.63094],2s,2S,1/2,5s,2S,1/2,M1,,,
,,4341.658238,0.000008,,4.9484e+06,AAA,82258.9543992821,105291.62867,2s,2S,1/2,5p,2P*,1/2,,T8637,,
,,4341.6837,0.0011,,,,,,,,,,,,,,c61,
4341.692,0.006,4341.691,0.003,90000,2.5304e+06,AAA,82259.158,105291.657,2,,,5,,,,T8637,L7436c29,
,,4341.714690,0.000004,,9.4254e+06,AAA,82259.2850014,[105291.659796],2p,2P*,3/2,5d,2D,5/2,,T8637,,
,,4341.7150,0.0004,,,,,,,,,,,,,,c62,
,,4341.716161,0.000004,,1.5709e+06,AAA,82259.2850014,105291.651993,2p,2P*,3/2,5d,2D,3/2,,T8637,,
,,4341.720130,0.000008,,8.5920e+05,AAA,82259.2850014,[105291.63094],2p,2P*,3/2,5s,2S,1/2,,T8637,,
,,4862.6365622,0.0000019,,1.7188e+07,AAA,82258.9191133,102823.894250,2p,2P*,1/2,4d,2D,3/2,,T8637,,
4862.64130281,0.00000019,4862.64130279,0.00000019,,,,82258.9543992821,102823.9094871,2s,2S,1/2,4d,2D,5/2,E2,,L9496,
,,4862.6420,0.0014,,,,,,,,,,,,,,c63,
4862.64488967,0.00000008,4862.64488968,0.00000007,,9.6680e+06,AAA,82258.9543992821,102823.8943175,2s,2S,1/2,4p,2P*,3/2,,T8637,L9477,
,,4862.64631087,0.00000009,,8.5941e+05,AAA,82258.9191133,102823.8530211,2p,2P*,1/2,4s,2S,1/2,,T8637,,
4862.65465436,0.00000008,4862.65465437,0.00000007,,,,82258.9543992821,102823.8530211,2s,2S,1/2,4s,2S,1/2,M1,,L9496,
4862.65570391,0.00000012,4862.65570389,0.00000012,,9.6683e+06,AAA,82258.9543992821,102823.8485825,2s,2S,1/2,4p,2P*,1/2,,T8637,L9477,
,,4862.6830,0.0014,,,,,,,,,,,,,,c64,
4862.71,0.05,4862.691,0.003,180000,8.4193e+06,AAA,82259.158,102823.904,2,,,4,,,,T8637,L7439c30,
,,4862.71947584,0.00000024,,2.0625e+07,AAA,82259.2850014,102823.9094871,2p,2P*,3/2,4d,2D,5/2,,T8637,,
,,4862.7202,0.0005,,,,,,,,,,,,,,c65,
,,4862.7230788,0.0000019,,3.4375e+06,AAA,82259.2850014,102823.894250,2p,2P*,3/2,4d,2D,3/2,,T8637,,
,,4862.73282785,0.00000012,,1.7190e+06,AAA,82259.2850014,102823.8530211,2p,2P*,3/2,4s,2S,1/2,,T8637,,
6564.522552,0.000024,6564.522556,0.000009,,5.3877e+07,AAA,82258.9191133,97492.319433,2p,2P*,1/2,3d,2D,3/2,,T8637,L2752,
,,6564.527,0.004,,,,,,,,,,,,,,c67,
,,6564.535,0.009,,,,,,,,,,,,,,c68,
6564.537684,0.000004,6564.537685,0.000003,,2.2448e+07,AAA,82258.9543992821,97492.319611,2s,2S,1/2,3p,2P*,3/2,,T8637,L6891c38,
,,6564.564672,0.000003,,2.1046e+06,AAA,82258.9191133,97492.221701,2p,2P*,1/2,3s,2S,1/2,,T8637,,
,,6564.579878,0.000003,,,,82258.9543992821,97492.221701,2s,2S,1/2,3s,2S,1/2,M1,,,
,,6564.583,0.006,,,,,,,,,,,,,,c66,
6564.584404,0.000004,6564.584403,0.000003,,2.2449e+07,AAA,82258.9543992821,97492.211200,2s,2S,1/2,3p,2P*,1/2,,T8637,L6891c38,
6564.60,0.03,6564.632,0.007,500000,4.4101e+07,AAA,82259.158,97492.304,2,,,3,,,,T8637,L7400c29,
,,6564.608,0.009,,,,,,,,,,,,,,c69,
6564.66464,0.00006,6564.664660,0.000003,,6.4651e+07,AAA,82259.2850014,97492.355566,2p,2P*,3/2,3d,2D,5/2,,T8637,L2752,
,,6564.6662,0.0003,,,,,,,,,,,,,,c71,
,,6564.667,0.003,,,,,,,,,,,,,,c70,
,,6564.680232,0.000009,,1.0775e+07,AAA,82259.2850014,97492.319433,2p,2P*,3/2,3d,2D,3/2,,T8637,,
,,6564.722349,0.000003,,4.2097e+06,AAA,82259.2850014,97492.221701,2p,2P*,3/2,3s,2S,1/2,,T8637,,
8252.26,0.10,8252.242,0.005,90,,,97492.304,[109610.2232],3,,,40,,,,,L7400c29,
8254.56,0.10,8254.667,0.005,90,,,97492.304,[109606.6628],3,,,39,,,,,L7400c29,
8257.26,0.10,8257.288,0.005,90,,,97492.304,[109602.8177],3,,,38,,,,,L7400c29,
8260.16,0.10,8260.126,0.005,110,,,97492.304,[109598.6566],3,,,37,,,,,L7400c29,
8263.16,0.10,8263.206,0.005,110,,,97492.304,[109594.1439],3,,,36,,,,,L7400c29,
8266.55,0.03,8266.557,0.005,110,,,97492.304,[109589.2390],3,,,35,,,,,L7400c29,
8270.21,0.03,8270.210,0.005,110,,,97492.304,[109583.8949],3,,,34,,,,,L7400c29,
8274.21,0.03,8274.205,0.005,140,,,97492.304,[109578.0577],3,,,33,,,,,L7400c29,
8278.59,0.03,8278.584,0.005,140,,,97492.304,[109571.6647],3,,,32,,,,,L7400c29,
8283.41,0.03,8283.399,0.005,140,,,97492.304,[109564.6431],3,,,31,,,,,L7400c29,
8288.70,0.03,8288.710,0.005,140,,,97492.304,[109556.9077],3,,,30,,,,,L7400c29,
8294.58,0.03,8294.588,0.006,170,,,97492.304,[109548.3584],3,,,29,,,,,L7400c29,
8301.11,0.03,8301.116,0.006,210,,,97492.304,[109538.8768],3,,,28,,,,,L7400c29,
8308.38,0.03,8308.395,0.006,250,,,97492.304,[109528.3223],3,,,27,,,,,L7400c29,
8316.55,0.03,8316.546,0.006,290,,,97492.304,[109516.5267],3,,,26,,,,,L7400c29,
8325.71,0.03,8325.713,0.006,290,,,97492.304,[109503.2875],3,,,25,,,,,L7400c29,
8336.07,0.03,8336.074,0.006,370,,,97492.304,[109488.3592],3,,,24,,,,,L7400c29,
8347.83,0.03,8347.846,0.006,500,,,97492.304,[109471.4416],3,,,23,,,,,L7400c29,
8361.30,0.03,8361.301,0.006,500,,,97492.304,[109452.1650],3,,,22,,,,,L7400c29,
8376.78,0.03,8376.777,0.006,600,,,97492.304,[109430.0696],3,,,21,,,,,L7400c29,
8394.71,0.03,8394.703,0.006,700,1.5167e+03,AAA,97492.304,[109404.5776],3,,,20,,,,T8637,L7400c29,
8415.63,0.03,8415.630,0.006,700,1.9643e+03,AAA,97492.304,[109374.9555],3,,,19,,,,T8637,L7400c29,
8440.27,0.03,8440.274,0.006,700,2.5804e+03,AAA,97492.304,[109340.2604],3,,,18,,,,T8637,L7400c29,
8469.59,0.03,8469.581,0.006,700,3.4442e+03,AAA,97492.304,[109299.2642],3,,,17,,,,T8637,L7400c29,
8504.83,0.03,8504.819,0.006,(1200),4.6801e+03,AAA,97492.304,[109250.3433],3,,,16,,,,T8637,L7400c29,
8547.73,0.03,8547.731,0.006,(1400),6.4901e+03,AAA,97492.304,[109191.3154],3,,,15,,,,T8637,L7400c29,
8600.75,0.03,8600.754,0.006,2300,9.2117e+03,AAA,97492.304,[109119.1917],3,,,14,,,,T8637,L7400c29,
8667.40,0.03,8667.398,0.006,(2200),1.3431e+04,AAA,97492.304,[109029.7913],3,,,13,,,,T8637,L7400c29,
8752.86,0.03,8752.876,0.005,2200,2.0207e+04,AAA,97492.304,108917.1209,3,,,12,,,,T8637,L7400c29,
8865.32,0.10,8865.216,0.006,(3600),3.1558e+04,AAA,97492.304,108772.3445,3,,,11,,,,T8637,L7400c29,
9017.8,1.0,9017.384,0.007,(4800),5.1558e+04,AAA,97492.304,108581.9945,3,,,10,,,,T8637,L7389,
9232.2,1.0,9231.546,0.007,(6500),8.9050e+04,AAA,97492.304,108324.7253,3,,,9,,,,T8637,L7389,
9548.8,1.0,9548.588,0.006,(9000),1.6506e+05,AAA,97492.304,107965.0568,3,,,8,,,,T8637,L7389,
10052.6,1.0,10052.123,0.007,(13000),3.3585e+05,AAA,97492.304,107440.4508,3,,,7,,,,T8637,L7389,
,,10940.977868,0.000008,,1.5649e+06,AAA,97492.211200,[106632.1620536],3p,2P*,1/2,6d,2D,3/2,,T8637,,
,,10940.990411,0.000008,,9.5508e+05,AAA,97492.221701,[106632.1620756],3s,2S,1/2,6p,2P*,3/2,,T8637,,
,,10940.992486,0.000008,,1.6906e+05,AAA,97492.211200,106632.1498416,3p,2P*,1/2,6s,2S,1/2,,T8637,,
,,10941.006633,0.000008,,9.5511e+05,AAA,97492.221701,[106632.1485242],3s,2S,1/2,6p,2P*,1/2,,T8637,,
,,10941.102026,0.000024,,2.0030e+06,AAA,97492.319433,(106632.16656761),3d,2D,3/2,6f,2F*,5/2,,T8637,,
,,10941.102236,0.000008,,1.8778e+06,AAA,97492.319611,106632.1665697,3p,2P*,3/2,6d,2D,5/2,,T8637,,
,,10941.107403,0.000024,,7.8242e+03,AAA,97492.319433,[106632.1620756],3d,2D,3/2,6p,2P*,3/2,,T8637,,
,,10941.107643,0.000008,,3.1296e+05,AAA,97492.319611,[106632.1620536],3p,2P*,3/2,6d,2D,3/2,,T8637,,
,,10941.122261,0.000008,,3.3815e+05,AAA,97492.319611,106632.1498416,3p,2P*,3/2,6s,2S,1/2,,T8637,,
,,10941.123625,0.000024,,7.8253e+04,AAA,97492.319433,[106632.1485242],3d,2D,3/2,6p,2P*,1/2,,T8637,,
,,10941.142576,0.000008,,2.1460e+06,AAA,97492.355566,(106632.16882614),3d,2D,5/2,6f,2F*,7/2,,T8637,,
,,10941.145280,0.000008,,1.4307e+05,AAA,97492.355566,(106632.16656761),3d,2D,5/2,6f,2F*,5/2,,T8637,,
,,10941.150657,0.000008,,7.0421e+04,AAA,97492.355566,[106632.1620756],3d,2D,5/2,6p,2P*,3/2,,T8637,,
10941.17,0.13,10941.082,0.010,14000,7.7829e+05,AAA,97492.304,106632.1681,3,,,6,,,,T8637,L7421,
,,12821.43203,0.00004,,2.8263e+06,AAA,97492.211200,105291.651993,3p,2P*,1/2,5d,2D,3/2,,T8637,,
,,12821.44913,0.00007,,1.6377e+06,AAA,97492.221701,105291.65209,3s,2S,1/2,5p,2P*,3/2,,T8637,,
,,12821.46664,0.00007,,3.0157e+05,AAA,97492.211200,[105291.63094],3p,2P*,1/2,5s,2S,1/2,,T8637,,
,,12821.48763,0.00007,,1.6378e+06,AAA,97492.221701,105291.62867,3s,2S,1/2,5p,2P*,1/2,,T8637,,
12821.578,0.008,12821.576,0.010,32000,2.2008e+06,AAA,97492.304,105291.657,3,,,5,,,,T8637,L7421,
,,12821.59706,0.00003,,4.2394e+06,AAA,97492.319433,(105291.65983494),3d,2D,3/2,5f,2F*,5/2,,T8637,,
,,12821.59742,0.00004,,3.3915e+06,AAA,97492.319611,[105291.659796],3p,2P*,3/2,5d,2D,5/2,,T8637,,
,,12821.60980,0.00007,,1.4954e+04,AAA,97492.319433,105291.65209,3d,2D,3/2,5p,2P*,3/2,,T8637,,
,,12821.61025,0.00004,,5.6525e+05,AAA,97492.319611,105291.651993,3p,2P*,3/2,5d,2D,3/2,,T8637,,
,,12821.64486,0.00007,,6.0320e+05,AAA,97492.319611,[105291.63094],3p,2P*,3/2,5s,2S,1/2,,T8637,,
,,12821.64830,0.00007,,1.4956e+05,AAA,97492.319433,105291.62867,3d,2D,3/2,5p,2P*,1/2,,T8637,,
,,12821.65011,0.00008,,4.5421e+06,AAA,97492.355566,105291.66370,3d,2D,5/2,5f,2F*,7/2,,T8637,,
,,12821.656465,0.000012,,3.0281e+05,AAA,97492.355566,(105291.65983494),3d,2D,5/2,5f,2F*,5/2,,T8637,,
,,12821.66920,0.00007,,1.3459e+05,AAA,97492.355566,105291.65209,3d,2D,5/2,5p,2P*,3/2,,T8637,,
,,15196.013,0.009,,1.1784e+03,AAA,102823.904,[109404.5776],4,,,20,,,,T8637,,
,,15264.725,0.009,,1.5289e+03,AAA,102823.904,[109374.9555],4,,,19,,,,T8637,,
,,15345.999,0.009,,2.0128e+03,AAA,102823.904,[109340.2604],4,,,18,,,,T8637,,
,,15443.156,0.010,,2.6935e+03,AAA,102823.904,[109299.2642],4,,,17,,,,T8637,,
15560.46,0.06,15560.716,0.015,800,3.6714e+03,AAA,102823.904,[109250.3433],4,,,16,,,,T8637,L7421c31,
,,15704.969,0.015,(800),5.1106e+03,AAA,102823.904,[109191.3154],4,,,15,,,,T8637,,
,,15884.898,0.013,(1000),7.2879e+03,AAA,102823.904,[109119.1917],4,,,14,,,,T8637,,
,,16113.731,0.013,(1200),1.0689e+04,AAA,102823.904,[109029.7913],4,,,13,,,,T8637,,
16411.36,0.13,16411.692,0.016,1400,1.6205e+04,AAA,102823.904,108917.1209,4,,,12,,,,T8637,L7421c31,
16811.10,0.03,16811.129,0.017,1600,2.5565e+04,AAA,102823.904,108772.3445,4,,,11,,,,T8637,L7421,
17366.885,0.021,17366.868,0.018,3100,4.2347e+04,AAA,102823.904,108581.9945,4,,,10,,,,T8637,L7421,
18179.20,0.04,18179.104,0.020,2800,7.4593e+04,AAA,102823.904,108324.7253,4,,,9,,,,T8637,L7421c31,
,,18755.80357,0.00004,,5.8647e+06,AAA,97492.211200,102823.894250,3p,2P*,1/2,4d,2D,3/2,,T8637,,
,,18755.840276,0.000025,,3.0650e+06,AAA,97492.221701,102823.8943175,3s,2S,1/2,4p,2P*,3/2,,T8637,,
,,18755.948609,0.000025,,6.1182e+05,AAA,97492.211200,102823.8530211,3p,2P*,1/2,4s,2S,1/2,,T8637,,
,,18756.001165,0.000025,,3.0652e+06,AAA,97492.221701,102823.8485825,3s,2S,1/2,4p,2P*,1/2,,T8637,,
,,18756.13071,0.00018,,1.2869e+07,AAA,97492.319433,102823.90949,3d,2D,3/2,4f,2F*,5/2,,T8637,,
,,18756.131346,0.000025,,7.0376e+06,AAA,97492.319611,102823.9094871,3p,2P*,3/2,4d,2D,5/2,,T8637,,
,,18756.18409,0.00007,,3.4754e+04,AAA,97492.319433,102823.8943175,3d,2D,3/2,4p,2P*,3/2,,T8637,,
,,18756.18495,0.00004,,1.1729e+06,AAA,97492.319611,102823.894250,3p,2P*,3/2,4d,2D,3/2,,T8637,,
,,18756.23108,0.00005,,1.3788e+07,AAA,97492.355566,102823.917091,3d,2D,5/2,4f,2F*,7/2,,T8637,,
,,18756.25782,0.00018,,9.1919e+05,AAA,97492.355566,102823.90949,3d,2D,5/2,4f,2F*,5/2,,T8637,,
,,18756.311200,0.000025,,3.1280e+05,AAA,97492.355566,102823.8943175,3d,2D,5/2,4p,2P*,3/2,,T8637,,
,,18756.329991,0.000025,,1.2238e+06,AAA,97492.319611,102823.8530211,3p,2P*,3/2,4s,2S,1/2,,T8637,,
,,18756.34498,0.00007,,3.4759e+05,AAA,97492.319433,102823.8485825,3d,2D,3/2,4p,2P*,1/2,,T8637,,
18756.4,1.0,18756.096,0.025,(51000),8.9860e+06,AAA,97492.304,102823.904,3,,,4,,,,T8637,L4812,
,,19450.890,0.023,(4500),1.4242e+05,AAA,102823.904,107965.0568,4,,,8,,,,T8637,,
21661.178,0.023,21661.21,0.03,8000,3.0415e+05,AAA,102823.904,107440.4508,4,,,7,,,,T8637,L7421,
,,24313.62,0.03,,9.7511e+02,AAA,105291.657,[109404.5776],5,,,20,,,,T8637,,
,,24490.00,0.03,,1.2683e+03,AAA,105291.657,[109374.9555],5,,,19,,,,T8637,,
,,24699.88,0.03,,1.6747e+03,AAA,105291.657,[109340.2604],5,,,18,,,,T8637,,
,,24952.545,0.025,,2.2490e+03,AAA,105291.657,[109299.2642],5,,,17,,,,T8637,,
,,25260.91,0.04,(400),3.0788e+03,AAA,105291.657,[109250.3433],5,,,16,,,,T8637,,
,,25643.27,0.05,(480),4.3084e+03,AAA,105291.657,[109191.3154],5,,,15,,,,T8637,,
,,26126.48,0.04,(580),6.1848e+03,AAA,105291.657,[109119.1917],5,,,14,,,,T8637,,
,,26258.342639,0.000010,,7.1849e+05,AAA,102823.8485825,[106632.1620536],4p,2P*,1/2,6d,2D,3/2,,T8637,,
,,26258.373091,0.000007,,4.4561e+05,AAA,102823.8530211,[106632.1620756],4s,2S,1/2,6p,2P*,3/2,,T8637,,
,,26258.426841,0.000006,,1.1942e+05,AAA,102823.8485825,106632.1498416,4p,2P*,1/2,6s,2S,1/2,,T8637,,
,,26258.466529,0.000007,,4.4563e+05,AAA,102823.8530211,[106632.1485242],4s,2S,1/2,6p,2P*,1/2,,T8637,,
,,26258.62640,0.00006,,1.2012e+06,AAA,102823.894250,(106632.16656761),4d,2D,3/2,6f,2F*,5/2,,T8637,,
,,26258.626846,0.000007,,8.6219e+05,AAA,102823.8943175,106632.1665697,4p,2P*,3/2,6d,2D,5/2,,T8637,,
,,26258.65737,0.00006,,9.4169e+03,AAA,102823.894250,[106632.1620756],4d,2D,3/2,6p,2P*,3/2,,T8637,,
,,26258.657986,0.000007,,1.4370e+05,AAA,102823.8943175,[106632.1620536],4p,2P*,3/2,6d,2D,3/2,,T8637,,
26258.71,0.21,26258.68,0.04,(9000),7.7110e+05,AAA,102823.904,106632.1681,4,,,6,,,,T8637,L7452,
,,26258.715885,0.000007,,1.2870e+06,AAA,102823.9094871,(106632.16882614),4d,2D,5/2,6f,2F*,7/2,,T8637,,
,,26258.7159,0.0003,,1.3238e+06,AAA,102823.90949,(106632.16882188),4f,2F*,5/2,6g,2G,7/2,,T8637,,
,,26258.731458,0.000007,,8.5799e+04,AAA,102823.9094871,(106632.16656761),4d,2D,5/2,6f,2F*,5/2,,T8637,,
,,26258.7315,0.0003,,1.0214e+03,AAA,102823.90949,106632.1665697,4f,2F*,5/2,6d,2D,5/2,,T8637,,
,,26258.742190,0.000007,,2.3885e+05,AAA,102823.8943175,106632.1498416,4p,2P*,3/2,6s,2S,1/2,,T8637,,
,,26258.75081,0.00006,,9.4181e+04,AAA,102823.894250,[106632.1485242],4d,2D,3/2,6p,2P*,1/2,,T8637,,
,,26258.75900,0.00009,,1.3728e+06,AAA,102823.917091,(106632.17017701),4f,2F*,7/2,6g,2G,9/2,,T8637,,
,,26258.762431,0.000007,,8.4755e+04,AAA,102823.9094871,[106632.1620756],4d,2D,5/2,6p,2P*,3/2,,T8637,,
,,26258.7626,0.0003,,2.1451e+04,AAA,102823.90949,[106632.1620536],4f,2F*,5/2,6d,2D,3/2,,T8637,,
,,26258.76834,0.00009,,4.9028e+04,AAA,102823.917091,(106632.16882188),4f,2F*,7/2,6g,2G,7/2,,T8637,,
,,26258.78387,0.00009,,2.0429e+04,AAA,102823.917091,106632.1665697,4f,2F*,7/2,6d,2D,5/2,,T8637,,
,,26751.31,0.04,(700),9.1481e+03,AAA,105291.657,[109029.7913],5,,,13,,,,T8637,,
,,27582.68,0.05,(900),1.4024e+04,AAA,105291.657,108917.1209,5,,,12,,,,T8637,,
,,28729.96,0.06,(1100),2.2460e+04,AAA,105291.657,108772.3445,5,,,11,,,,T8637,,
,,30392.02,0.06,(1400),3.7999e+04,AAA,105291.657,108581.9945,5,,,10,,,,T8637,,
32969.8,2.2,32969.91,0.07,(1800),6.9078e+04,AAA,105291.657,108324.7253,5,,,9,,,,T8637,L7452,
,,36069.708,0.025,,8.4239e+02,AAA,106632.1681,[109404.5776],6,,,20,,,,T8637,,
,,36459.26,0.03,,1.0993e+03,AAA,106632.1681,[109374.9555],6,,,19,,,,T8637,,
,,36926.36,0.03,,1.4571e+03,AAA,106632.1681,[109340.2604],6,,,18,,,,T8637,,
37405.76,0.17,37405.55,0.08,2500,1.3877e+05,AAA,105291.657,107965.0568,5,,,8,,,,T8637,L7421,
,,37493.96,0.03,,1.9660e+03,AAA,106632.1681,[109299.2642],6,,,17,,,,T8637,,
,,38194.54,0.04,(140),2.7068e+03,AAA,106632.1681,[109250.3433],6,,,16,,,,T8637,,
,,39075.52,0.05,(170),3.8151e+03,AAA,106632.1681,[109191.3154],6,,,15,,,,T8637,,
,,40208.71,0.04,(200),5.5265e+03,AAA,106632.1681,[109119.1917],6,,,14,,,,T8637,,
,,40521.8664,0.0004,,1.2381e+06,AAA,102823.8485825,105291.651993,4p,2P*,1/2,5d,2D,3/2,,T8637,,
,,40521.9376,0.0007,,7.3716e+05,AAA,102823.8530211,105291.65209,4s,2S,1/2,5p,2P*,3/2,,T8637,,
,,40522.2121,0.0007,,2.1503e+05,AAA,102823.8485825,[105291.63094],4p,2P*,1/2,5s,2S,1/2,,T8637,,
,,40522.3222,0.0007,,7.3721e+05,AAA,102823.8530211,105291.62867,4s,2S,1/2,5p,2P*,1/2,,T8637,,
,,40522.48747,0.00013,,2.4121e+06,AAA,102823.894250,(105291.65983494),4d,2D,3/2,5f,2F*,5/2,,T8637,,
,,40522.4892,0.0004,,1.4858e+06,AAA,102823.8943175,[105291.659796],4p,2P*,3/2,5d,2D,5/2,,T8637,,
,,40522.6147,0.0007,,1.8846e+04,AAA,102823.894250,105291.65209,4d,2D,3/2,5p,2P*,3/2,,T8637,,
,,40522.6174,0.0004,,2.4763e+05,AAA,102823.8943175,105291.651993,4p,2P*,3/2,5d,2D,3/2,,T8637,,
,,40522.6738,0.0008,,4.1023e+06,AAA,102823.90949,(105291.66373033),4f,2F*,5/2,5g,2G,7/2,,T8637,,
,,40522.6742,0.0008,,2.5844e+06,AAA,102823.9094871,105291.66370,4d,2D,5/2,5f,2F*,7/2,,T8637,,
,,40522.737678,0.000016,,1.7229e+05,AAA,102823.9094871,(105291.65983494),4d,2D,5/2,5f,2F*,5/2,,T8637,,
,,40522.7384,0.0010,,2.4037e+03,AAA,102823.90949,[105291.659796],4f,2F*,5/2,5d,2D,5/2,,T8637,,
,,40522.76012,0.00021,,4.2542e+06,AAA,102823.917091,(105291.66607200),4f,2F*,7/2,5g,2G,9/2,,T8637,,
40522.79,0.08,40522.69,0.10,11000,2.6993e+06,AAA,102823.904,105291.657,4,,,5,,,,T8637,L7421,
,,40522.79858,0.00021,,1.5193e+05,AAA,102823.917091,(105291.66373033),4f,2F*,7/2,5g,2G,7/2,,T8637,,
,,40522.8632,0.0005,,4.8075e+04,AAA,102823.917091,[105291.659796],4f,2F*,7/2,5d,2D,5/2,,T8637,,
,,40522.8649,0.0007,,1.6962e+05,AAA,102823.9094871,105291.65209,4d,2D,5/2,5p,2P*,3/2,,T8637,,
,,40522.8665,0.0010,,5.0480e+04,AAA,102823.90949,105291.651993,4f,2F*,5/2,5d,2D,3/2,,T8637,,
,,40522.9631,0.0007,,4.3010e+05,AAA,102823.8943175,[105291.63094],4p,2P*,3/2,5s,2S,1/2,,T8637,,
,,40522.9992,0.0007,,1.8849e+05,AAA,102823.894250,105291.62867,4d,2D,3/2,5p,2P*,1/2,,T8637,,
,,41707.97,0.05,(240),8.2716e+03,AAA,106632.1681,[109029.7913],6,,,13,,,,T8637,,
,,43764.58,0.04,(300),1.2884e+04,AAA,106632.1681,108917.1209,6,,,12,,,,T8637,,
46537.8,0.3,46537.74,0.13,4200,3.2528e+05,AAA,105291.657,107440.4508,5,,,7,,,,T8637,L7421,
,,46725.12,0.05,(370),2.1096e+04,AAA,106632.1681,108772.3445,6,,,11,,,,T8637,,
,,50913.21,0.04,,7.5169e+02,AAA,107440.4508,[109404.5776],7,,,20,,,,T8637,,
51286.5,0.8,51286.62,0.06,(450),3.6881e+04,AAA,106632.1681,108581.9945,6,,,10,,,,T8637,L7452,
,,51692.82,0.04,,9.8498e+02,AAA,107440.4508,[109374.9555],7,,,19,,,,T8637,,
,,52636.85,0.04,,1.3121e+03,AAA,107440.4508,[109340.2604],7,,,18,,,,T8637,,
,,53797.76,0.04,,1.7812e+03,AAA,107440.4508,[109299.2642],7,,,17,,,,T8637,,
,,55251.90,0.06,(150),2.4709e+03,AAA,107440.4508,[109250.3433],7,,,16,,,,T8637,,
,,57114.64,0.06,(180),3.5158e+03,AAA,107440.4508,[109191.3154],7,,,15,,,,T8637,,
,,59082.20,0.08,(540),7.0652e+04,AAA,106632.1681,108324.7253,6,,,9,,,,T8637,,
,,59568.45,0.06,(210),5.1562e+03,AAA,107440.4508,[109119.1917],7,,,14,,,,T8637,,
,,62919.18,0.07,(250),7.8457e+03,AAA,107440.4508,[109029.7913],7,,,13,,,,T8637,,
,,67719.93,0.06,(300),1.2503e+04,AAA,107440.4508,108917.1209,7,,,12,,,,T8637,,
,,69467.56,0.06,,6.8858e+02,AAA,107965.0568,[109404.5776],8,,,20,,,,T8637,,
,,70927.08,0.06,,9.0700e+02,AAA,107965.0568,[109374.9555],8,,,19,,,,T8637,,
,,72716.51,0.06,,1.2159e+03,AAA,107965.0568,[109340.2604],8,,,18,,,,T8637,,
,,74597.1725,0.0022,,3.7456e+05,AAA,105291.62867,[106632.1620536],5p,2P*,1/2,6d,2D,3/2,,T8637,,
,,74597.2976,0.0022,,2.4295e+05,AAA,[105291.63094],[106632.1620756],5s,2S,1/2,6p,2P*,3/2,,T8637,,
,,74597.8520,0.0022,,8.9393e+04,AAA,105291.62867,106632.1498416,5p,2P*,1/2,6s,2S,1/2,,T8637,,
,,74598.0517,0.0022,,2.4296e+05,AAA,[105291.63094],[106632.1485242],5s,2S,1/2,6p,2P*,1/2,,T8637,,
,,74598.2191,0.0013,,6.7504e+05,AAA,105291.651993,(106632.16656761),5d,2D,3/2,6f,2F*,5/2,,T8637,,
,,74598.2244,0.0022,,4.4948e+05,AAA,105291.65209,106632.1665697,5p,2P*,3/2,6d,2D,5/2,,T8637,,
,,74598.4691,0.0013,,9.5934e+03,AAA,105291.651993,[106632.1620756],5d,2D,3/2,6p,2P*,3/2,,T8637,,
,,74598.4757,0.0022,,7.4915e+04,AAA,105291.65209,[106632.1620536],5p,2P*,3/2,6d,2D,3/2,,T8637,,
,,74598.5277,0.0013,,7.2326e+05,AAA,[105291.659796],(106632.16882614),5d,2D,5/2,6f,2F*,7/2,,T8637,,
,,74598.5300914,0.0000061,,1.0662e+06,AAA,(105291.65983494),(106632.16882188),5f,2F*,5/2,6g,2G,7/2,,T8637,,
,,74598.6534,0.0013,,4.8217e+04,AAA,[105291.659796],(106632.16656761),5d,2D,5/2,6f,2F*,5/2,,T8637,,
,,74598.655424,0.000022,,1.8609e+03,AAA,(105291.65983494),106632.1665697,5f,2F*,5/2,6d,2D,5/2,,T8637,,
,,74598.670,0.003,,1.1057e+06,AAA,105291.66370,(106632.17017701),5f,2F*,7/2,6g,2G,9/2,,T8637,,
,,74598.6716042,0.0000005,,1.6083e+06,AAA,(105291.66373033),(106632.17017434),5g,2G,7/2,6h,2H*,9/2,,T8637,,
,,74598.745,0.003,,3.9489e+04,AAA,105291.66370,(106632.16882188),5f,2F*,7/2,6g,2G,7/2,,T8637,,
,,74598.7466311,0.0000005,,3.1591e+02,AAA,(105291.66373033),(106632.16882614),5g,2G,7/2,6f,2F*,7/2,,T8637,,
,,74598.7516407,0.0000005,,1.6448e+06,AAA,(105291.66607200),(106632.17107779),5g,2G,9/2,6h,2H*,11/2,,T8637,,
,,74598.8019175,0.0000005,,3.6552e+04,AAA,(105291.66607200),(106632.17017434),5g,2G,9/2,6h,2H*,9/2,,T8637,,
,,74598.871,0.003,,3.7220e+04,AAA,105291.66370,106632.1665697,5f,2F*,7/2,6d,2D,5/2,,T8637,,
,,74598.8723179,0.0000005,,1.1373e+04,AAA,(105291.66373033),(106632.16656761),5g,2G,7/2,6f,2F*,5/2,,T8637,,
,,74598.8769446,0.0000005,,1.1057e+04,AAA,(105291.66607200),(106632.16882614),5g,2G,9/2,6f,2F*,7/2,,T8637,,
,,74598.9034,0.0013,,8.6344e+04,AAA,[105291.659796],[106632.1620756],5d,2D,5/2,6p,2P*,3/2,,T8637,,
,,74598.90674,0.00007,,3.9082e+04,AAA,(105291.65983494),[106632.1620536],5f,2F*,5/2,6d,2D,3/2,,T8637,,
74599.0,0.6,74598.4,0.3,(3000),1.0254e+06,AAA,105291.657,106632.1681,5,,,6,,,,T8637,L7452,
,,74599.1553,0.0022,,1.7880e+05,AAA,105291.65209,106632.1498416,5p,2P*,3/2,6s,2S,1/2,,T8637,,
,,74599.2233,0.0013,,9.5946e+04,AAA,105291.651993,[106632.1485242],5d,2D,3/2,6p,2P*,1/2,,T8637,,
,,74950.87,0.07,,1.6635e+03,AAA,107965.0568,[109299.2642],8,,,17,,,,T8637,,
75024.4,1.7,75025.02,0.12,620,1.5609e+05,AAA,106632.1681,107965.0568,6,,,8,,,,T8637,L7452,
,,75081.07,0.08,(360),2.1174e+04,AAA,107440.4508,108772.3445,7,,,11,,,,T8637,,
,,77803.66,0.10,(130),2.3306e+03,AAA,107965.0568,[109250.3433],8,,,16,,,,T8637,,
81548.4,0.5,81548.87,0.11,120,3.3586e+03,AAA,107965.0568,[109191.3154],8,,,15,,,,T8637,L7424c32,
86644.60,0.23,86644.98,0.11,180,5.0098e+03,AAA,107965.0568,[109119.1917],8,,,14,,,,T8637,L7424c32,
87600.64,0.14,87600.68,0.12,420,3.9049e+04,AAA,107440.4508,108581.9945,7,,,10,,,,T8637,L7424c32,
,,92605.26,0.10,,6.4524e+02,AAA,108324.7253,[109404.5776],9,,,20,,,,T8637,,
93920.3,0.3,93920.13,0.14,60,7.8037e+03,AAA,107965.0568,[109029.7913],8,,,13,,,,T8637,L7424c32,
,,95217.22,0.11,,8.5550e+02,AAA,108324.7253,[109374.9555],9,,,19,,,,T8637,,
,,98470.25,0.12,,1.1562e+03,AAA,108324.7253,[109340.2604],9,,,18,,,,T8637,,
,,102612.63,0.13,,1.5979e+03,AAA,108324.7253,[109299.2642],9,,,17,,,,T8637,,
105035.07,0.18,105034.94,0.12,190,1.2870e+04,AAA,107965.0568,108917.1209,8,,,12,,,,T8637,L7424c32,
108035.9,0.7,108035.93,0.20,80,2.2679e+03,AAA,108324.7253,[109250.3433],9,,,16,,,,T8637,L7424c32,
113086.81,0.18,113087.06,0.17,420,8.2370e+04,AAA,107440.4508,108324.7253,7,,,9,,,,T8637,L7424c32,
115395.4,0.4,115394.81,0.21,110,3.3253e+03,AAA,108324.7253,[109191.3154],9,,,15,,,,T8637,L6002,
,,121568.26,0.19,,6.1733e+02,AAA,108581.9945,[109404.5776],10,,,20,,,,T8637,,
123719.12,0.20,123719.1,0.3,410,4.5608e+05,AAA,106632.1681,107440.4508,6,,,7,,,,T8637,L7424c32,
123871.53,0.18,123871.58,0.17,340,2.3007e+04,AAA,107965.0568,108772.3445,8,,,11,,,,T8637,L7424c32,
125870.5,0.3,125870.65,0.22,210,5.0797e+03,AAA,108324.7253,[109119.1917],9,,,14,,,,T8637,L7424c32,
,,126109.61,0.21,,8.2526e+02,AAA,108581.9945,[109374.9555],10,,,19,,,,T8637,,
,,131879.86,0.23,,1.1269e+03,AAA,108581.9945,[109340.2604],10,,,18,,,,T8637,,
,,139417.6,0.3,,1.5782e+03,AAA,108581.9945,[109299.2642],10,,,17,,,,T8637,,
,,141830.7,0.3,(130),8.1919e+03,AAA,108324.7253,[109029.7913],9,,,13,,,,T8637,,
,,149622.5,0.4,(70),2.2796e+03,AAA,108581.9945,[109250.3433],10,,,16,,,,T8637,,
,,158169.5,0.3,,6.0262e+02,AAA,108772.3445,[109404.5776],11,,,20,,,,T8637,,
,,162090.9,0.4,(270),4.6762e+04,AAA,107965.0568,108581.9945,8,,,10,,,,T8637,,
,,164117.1,0.5,(70),3.4241e+03,AAA,108581.9945,[109191.3154],10,,,15,,,,T8637,,
,,165944.5,0.3,,8.1411e+02,AAA,108772.3445,[109374.9555],11,,,19,,,,T8637,,
,,168806.1,0.3,(140),1.4269e+04,AAA,108324.7253,108917.1209,9,,,12,,,,T8637,,
,,176082.4,0.4,,1.1267e+03,AAA,108772.3445,[109340.2604],11,,,18,,,,T8637,,
,,186151.4,0.6,(80),5.4172e+03,AAA,108581.9945,[109119.1917],10,,,14,,,,T8637,,
,,189782.2,0.4,,1.6062e+03,AAA,108772.3445,[109299.2642],11,,,17,,,,T8637,,
190619.6,0.4,190619.2,0.4,540,2.2720e+05,AAA,107440.4508,107965.0568,7,,,8,,,,T8637,L7455,
,,205146.4,0.5,,6.0050e+02,AAA,108917.1209,[109404.5776],12,,,20,,,,T8637,,
,,209205.5,0.7,(19),2.3773e+03,AAA,108772.3445,[109250.3433],11,,,16,,,,T8637,,
,,218419.5,0.5,,8.2236e+02,AAA,108917.1209,[109374.9555],12,,,19,,,,T8637,,
,,223315.6,0.9,(90),9.2309e+03,AAA,108581.9945,[109029.7913],10,,,13,,,,T8637,,
,,223404.2,0.6,(140),2.8131e+04,AAA,108324.7253,108772.3445,9,,,11,,,,T8637,,
,,236328.7,0.6,,1.1587e+03,AAA,108917.1209,[109340.2604],12,,,18,,,,T8637,,
,,238680.1,0.9,(21),3.6992e+03,AAA,108772.3445,[109191.3154],11,,,15,,,,T8637,,
,,261681.9,0.8,,1.6929e+03,AAA,108917.1209,[109299.2642],12,,,17,,,,T8637,,
,,266818.7,1.0,,6.1190e+02,AAA,[109029.7913],[109404.5776],13,,,20,,,,T8637,,
278035.0,0.8,278033.8,0.8,(220),1.2328e+05,AAA,107965.0568,108324.7253,8,,,9,,,,T8637,L7455,
,,288311.4,1.2,(21),6.1856e+03,AAA,108772.3445,[109119.1917],11,,,14,,,,T8637,,
,,289717.2,1.2,,8.5323e+02,AAA,[109029.7913],[109374.9555],13,,,19,,,,T8637,,
,,298394.9,1.2,(80),1.7740e+04,AAA,108581.9945,108917.1209,10,,,12,,,,T8637,,
,,300099.9,1.4,(14),2.5962e+03,AAA,108917.1209,[109250.3433],12,,,16,,,,T8637,,
,,322093.2,1.5,,1.2323e+03,AAA,[109029.7913],[109340.2604],13,,,18,,,,T8637,,
,,350402.7,1.6,,6.3972e+02,AAA,[109119.1917],[109404.5776],14,,,20,,,,T8637,,
,,364704.6,2.0,(14),4.2709e+03,AAA,108917.1209,[109191.3154],12,,,15,,,,T8637,,
,,371094.8,1.9,,1.8658e+03,AAA,[109029.7913],[109299.2642],13,,,17,,,,T8637,,
,,388429.8,2.4,(20),1.1633e+04,AAA,108772.3445,[109029.7913],11,,,13,,,,T8637,,
,,388697.9,2.1,(110),7.1514e+04,AAA,108324.7253,108581.9945,9,,,10,,,,T8637,,
,,390985.7,2.0,,9.1446e+02,AAA,[109119.1917],[109374.9555],14,,,19,,,,T8637,,
,,452348,3,,1.3689e+03,AAA,[109119.1917],[109340.2604],14,,,18,,,,T8637,,
,,453408,4,(22),3.0257e+03,AAA,[109029.7913],[109250.3433],13,,,16,,,,T8637,,
,,468906,3,,6.9026e+02,AAA,[109191.3154],[109404.5776],15,,,20,,,,T8637,,
,,494876,3,(13),7.8842e+03,AAA,108917.1209,[109119.1917],12,,,14,,,,T8637,,
,,525348,4,(60),4.3766e+04,AAA,108581.9945,108772.3445,10,,,11,,,,T8637,,
,,544543,4,,1.0228e+03,AAA,[109191.3154],[109374.9555],15,,,19,,,,T8637,,
,,555332,4,,2.1920e+03,AAA,[109119.1917],[109299.2642],14,,,17,,,,T8637,,
,,619103,7,(20),5.4961e+03,AAA,[109029.7913],[109191.3154],13,,,15,,,,T8637,,
,,648364,6,,7.7670e+02,AAA,[109250.3433],[109404.5776],16,,,20,,,,T8637,,
,,671389,6,,1.6195e+03,AAA,[109191.3154],[109340.2604],15,,,18,,,,T8637,,
690717,24,690720,5,14bl,2.7989e+04,AAA,108772.3445,108917.1209,11,,,12,,,,T8637,u32,
,,762476,10,(28),3.9258e+03,AAA,[109119.1917],[109250.3433],14,,,16,,,,T8637,,
,,802490,9,,1.2175e+03,AAA,[109250.3433],[109374.9555],16,,,19,,,,T8637,,
887610,80,887545,11,9bl,1.8569e+04,AAA,108917.1209,[109029.7913],12,,,13,,,,T8637,u32,
,,926365,11,,2.8644e+03,AAA,[109191.3154],[109299.2642],15,,,17,,,,T8637,,
,,949547,13,,9.2951e+02,AAA,[109299.2642],[109404.5776],17,,,20,,,,T8637,,
,,1112136,17,,2.1295e+03,AAA,[109250.3433],[109340.2604],16,,,18,,,,T8637,,
1118630,90,1118563,23,14bl,1.2709e+04,AAA,[109029.7913],[109119.1917],13,,,14,,,,T8637,u32,
,,1321156,24,,1.6097e+03,AAA,[109299.2642],[109374.9555],17,,,19,,,,T8637,,
1387500,800,1386510,30,19,8.9344e+03,AAA,[109119.1917],[109191.3154],14,,,15,,,,T8637,L7352,
,,1554790,30,,1.2350e+03,AAA,[109340.2604],[109404.5776],18,,,20,,,,T8637,,
1694230,140,1694110,50,16,6.4283e+03,AAA,[109191.3154],[109250.3433],15,,,16,,,,T8637,L7352,
,,2044120,80,(11),4.7203e+03,AAA,[109250.3433],[109299.2642],16,,,17,,,,T8637,,
,,2439250,120,(8),3.5289e+03,AAA,[109299.2642],[109340.2604],17,,,18,,,,T8637,,
,,2882250,170,(6),2.6808e+03,AAA,[109340.2604],[109374.9555],18,,,19,,,,T8637,,
3376000,600,3375860,230,(4),2.0659e+03,AAA,[109374.9555],[109404.5776],19,,,20,,,,T8637,L9739,
,,3922800,300,(3),,,[109404.5776],[109430.0696],20,,,21,,,,,,
4525700,600,4525800,400,(2),,,[109430.0696],[109452.1650],21,,,22,,,,,L9739,
,,5187600,500,(2),,,[109452.1650],[109471.4416],22,,,23,,,,,,
,,5911000,700,(1),,,[109471.4416],[109488.3592],23,,,24,,,,,,
,,6698700,900,(1),,,[109488.3592],[109503.2875],24,,,25,,,,,,
,,7553300,1100,(1),,,[109503.2875],[109516.5267],25,,,26,,,,,,
,,8477700,1400,(1),,,[109516.5267],[109528.3223],26,,,27,,,,,,
273305600,2500,273307600,400,,,,82258.9191133,82259.2850014,2p,2P*,1/2,2p,2P*,3/2,UT,,L1488,
302478400,400,302478400,400,,,,82258.9543992821,82259.2850014,2s,2S,1/2,2p,2P*,3/2,,,L7320,
747023000,9000,747021000,9000,,,,97492.221701,97492.355566,3s,2S,1/2,3d,2D,5/2,E2,,L4937,
922350000,110000,922416000,9000,,,,97492.211200,97492.319611,3p,2P*,1/2,3p,2P*,3/2,UT,,L6891,
923900000,900000,923930000,170000,,,,97492.211200,97492.319433,3p,2P*,1/2,3d,2D,3/2,,,L4353,
1022000000,400000,1021346000,21000,,,,97492.221701,97492.319611,3s,2S,1/2,3p,2P*,3/2,,,L1164,
1023200000,300000,1023210000,210000,,,,97492.221701,97492.319433,3s,2S,1/2,3d,2D,3/2,E2,,L2271,
1770800000,400000,1770980000,30000,,,,102823.8530211,102823.9094871,4s,2S,1/2,4d,2D,5/2,E2,,L4353,
2186500000,1900000,2189700000,400000,,,,102823.8485825,102823.894250,4p,2P*,1/2,4d,2D,3/2,,,L1164,
2186900000,400000,2186510000,30000,,,,102823.8485825,102823.8943175,4p,2P*,1/2,4p,2P*,3/2,UT,,L10329,
2422000000,600000,2421520000,30000,,,,102823.8530211,102823.8943175,4s,2S,1/2,4p,2P*,3/2,,,L2260,
2427000000,4000000,2425500000,500000,,,,102823.8530211,102823.894250,4s,2S,1/2,4d,2D,3/2,E2,,L4353,
2768000000,8000000,2767600000,1500000,,,,97492.319433,97492.355566,3d,2D,3/2,3d,2D,5/2,UT,,L4353,
2781000000,3000000,2781250000,180000,,,,97492.319611,97492.355566,3p,2P*,3/2,3d,2D,5/2,,,L4353,
2833987000,24000,2833987000,24000,,,,82258.9191133,82258.9543992821,2p,2P*,1/2,2s,2S,1/2,,,L6644,
4260000000,40000000,4288000000,7000000,,,,105291.62867,105291.651993,5p,2P*,1/2,5d,2D,3/2,,,L1164,
4270430000,70000,4269850000,70000,,,,105291.62867,105291.65209,5p,2P*,1/2,5p,2P*,3/2,UT,,L15291c34,
4820000000,90000000,4728130000,160000,,,,[105291.63094],105291.65209,5s,2S,1/2,5p,2P*,3/2,,,L1164,
6562000000,3000000,6563000000,3000000,,,,102823.894250,102823.9094871,4d,2D,3/2,4d,2D,5/2,UT,,L15291c35,
6563000000,23000000,6562000000,22000000,,,,102823.894250,102823.90949,4d,2D,3/2,4f,2F*,5/2,,,L1164,
6579000000,23000000,6592100000,400000,,,,102823.8943175,102823.9094871,4p,2P*,3/2,4d,2D,5/2,,,L1164,
7379310000,150000,7379310000,160000,,,,[106632.1485242],[106632.1620756],6p,2P*,1/2,6p,2P*,3/2,UT,,L15291c34,
9522700000,1500000,9522900000,1500000,,,,97492.211200,97492.221701,3p,2P*,1/2,3s,2S,1/2,,,L1764,
11718060000,230000,11723330000,230000,,,,[107440.43850],[107440.44703],7p,2P*,1/2,7p,2P*,3/2,UT,,L15291c34,
12816000000,4000000,12816000000,5000000,,,,105291.651993,[105291.659796],5d,2D,3/2,5d,2D,5/2,UT,,L15291c35,
12920000000,170000000,12980000000,70000000,,,,105291.65209,[105291.659796],5p,2P*,3/2,5d,2D,5/2,,,L1164,
13149000000,23000000,13151000000,22000000,,,,102823.9094871,102823.917091,4d,2D,5/2,4f,2F*,7/2,,,L1164,
17491700000,400000,17491700000,400000,,,,[107965.0491583],[107965.0548753],8p,2P*,1/2,8p,2P*,3/2,UT,,L15291c34,
22143000000,7000000,22143000000,6000000,,,,[106632.1620536],106632.1665697,6d,2D,3/2,6d,2D,5/2,UT,,L15291c35,
22510000000,100000000,22530000000,3000000,,,,102823.8485825,102823.8530211,4p,2P*,1/2,4s,2S,1/2,,,L1164,
24905100000,600000,24875600000,600000,,,,[108324.72016],[108324.72418],9p,2P*,1/2,9p,2P*,3/2,UT,,L15291c34,
25600000000,300000000,25600000000,300000000,,,,[105291.659796],105291.66370,5d,2D,5/2,5f,2F*,7/2,,,L1164,
34163400000,800000,34129700000,800000,,,,[108581.99051],[108581.99344],10p,2P*,1/2,10p,2P*,3/2,UT,,L15291c34,
35158000000,8000000,35162000000,9000000,,,,[107440.447022],[107440.449866],7d,2D,3/2,7d,2D,5/2,UT,,L15291c35,
43957000000,12000000,44053000000,12000000,,,,105291.62867,[105291.63094],5p,2P*,1/2,5s,2S,1/2,,,L15291c33,
45471500000,1100000,45454500000,1000000,,,,[108772.34135],[108772.34355],11p,2P*,1/2,11p,2P*,3/2,UT,,L15291c34,
,,52473000000,8000000,,,,107965.0548660,107965.05677174,8d,2D,3/2,8d,2D,5/2,UT,,,
59034500000,1400000,59171600000,1400000,,,,[108917.11870],[108917.12039],12p,2P*,1/2,12p,2P*,3/2,UT,,L15291c34,
74703000000,20000000,74683000000,22000000,,,,[108324.724162],[108324.725501],9d,2D,3/2,9d,2D,5/2,UT,,L15291c35,
75910000000,40000000,75910000000,50000000,,,,[106632.1485242],106632.1498416,6p,2P*,1/2,6s,2S,1/2,,,L15291c33,
102470000000,50000000,102470000000,40000000,,,,[108581.9934250],108581.9944009,10d,2D,3/2,10d,2D,5/2,UT,,L15291c35,
120490000000,100000000,120480000000,100000000,,,,[107440.43850],[107440.43933],7p,2P*,1/2,7s,2S,1/2,,,L15291c33,
136370000000,90000000,136240000000,90000000,,,,[108772.343536],[108772.344270],11d,2D,3/2,11d,2D,5/2,UT,,L15291c35,
,,177080000000,130000000,,,,108917.1203787,108917.12094342,12d,2D,3/2,12d,2D,5/2,UT,,,
179800000000,200000000,179790000000,160000000,,,,[107965.0491583],107965.0497145,8p,2P*,1/2,8s,2S,1/2,,,L15291c33,
255900000000,300000000,256400000000,300000000,,,,[108324.72016],[108324.72055],9p,2P*,1/2,9s,2S,1/2,,,L15291c33,
351000000000,500000000,344800000000,500000000,,,,[108581.99051],[108581.99080],10p,2P*,1/2,10s,2S,1/2,,,L15291c33,
467100000000,700000000,454500000000,600000000,,,,[108772.34135],[108772.34157],11p,2P*,1/2,11s,2S,1/2,,,L15291c33,
550000000000,90000000000,560000000000,60000000000,,,,97492.319433,97492.319611,3d,2D,3/2,3p,2P*,3/2,,,L4386,
606400000000,900000000,625000000000,900000000,,,,[108917.11870],[108917.11886],12p,2P*,1/2,12s,2S,1/2,,,L15291c33,